brand,correct,total,accuracy
steeden,11,11,100.0
maybach-2,5,11,45.45454545454545
BOSCH,9,9,100.0
xinxiangyin,9,9,100.0
mclaren,8,8,100.0
kleenex,8,8,100.0
ladycare,8,8,100.0
schwarzkopf,3,8,37.5
avery dennison-2,1,7,14.285714285714285
Frommer's,7,7,100.0
lexus-1,6,7,85.71428571428571
seat,7,7,100.0
brita,7,7,100.0
lexus-2,3,7,42.857142857142854
INOHERB-2,3,6,50.0
tempur-pedic,6,6,100.0
nataraj,6,6,100.0
x-acto,5,6,83.33333333333334
caran d'ache,6,6,100.0
prismacolor,5,6,83.33333333333334
ollie's bargain outlet,6,6,100.0
shimano,6,6,100.0
Frizz-Ease,6,6,100.0
haers,6,6,100.0
stein mart,6,6,100.0
ADCO,6,6,100.0
pinarello,6,6,100.0
magicamah,6,6,100.0
Alba Botanica,6,6,100.0
agv,6,6,100.0
iPhone-2,0,6,0.0
kangshu,5,5,100.0
brown jordan,5,5,100.0
la roche-posay,5,5,100.0
jd,5,5,100.0
malata-2,3,5,60.0
auxx-1,2,5,40.0
yutong-1,2,5,40.0
repsol ypf,5,5,100.0
bluemoon,5,5,100.0
GF,5,5,100.0
game boy,5,5,100.0
Chronoswiss-2,1,5,20.0
nivea,5,5,100.0
fiyta,4,5,80.0
k'nex,5,5,100.0
zwitsal,5,5,100.0
Chevron,5,5,100.0
younkers,4,5,80.0
skype,5,5,100.0
yonex,5,5,100.0
taylormade,5,5,100.0
sherrin,5,5,100.0
muddy fox,5,5,100.0
tubao-3,0,5,0.0
IHG,5,5,100.0
sibao,0,5,0.0
hd,5,5,100.0
sellotape,5,5,100.0
staedtler,5,5,100.0
Canon,5,5,100.0
oakley-2,1,5,20.0
IVORY,5,5,100.0
Hascol Petroleum,4,4,100.0
Billy Jealousy,3,4,75.0
Biolage,3,4,75.0
mokingran,4,4,100.0
stakmore,4,4,100.0
Hilton Worldwide-1,0,4,0.0
Asics,4,4,100.0
masi bicycles,3,4,75.0
lancome,3,4,75.0
petro-canada,4,4,100.0
rickenbacker,4,4,100.0
auxx-2,1,4,25.0
ExxonMobil,4,4,100.0
Amoco,4,4,100.0
nakamichi-1,2,4,50.0
tabak especial,4,4,100.0
maydos,4,4,100.0
battleship,3,4,75.0
INOHERB-1,1,4,25.0
picc,4,4,100.0
neil pryde-1,2,4,50.0
Bonefish Grill,4,4,100.0
naturalizer-2,3,4,75.0
magimix,4,4,100.0
huarun,4,4,100.0
neutrogena,4,4,100.0
seaoil philippines,4,4,100.0
Honeywell,4,4,100.0
pipeworks,2,4,50.0
bernzomatic,4,4,100.0
EPSON,2,4,50.0
socar-2,0,4,0.0
baby bullet,4,4,100.0
nondo,4,4,100.0
hekman,4,4,100.0
bio ionic,4,4,100.0
cofco,4,4,100.0
lifan-1,4,4,100.0
pignose,4,4,100.0
verbatim,4,4,100.0
maxol,4,4,100.0
American Leather,3,4,75.0
avery dennison-1,3,4,75.0
lumiquest,4,4,100.0
peet dryer,4,4,100.0
maybach-1,3,4,75.0
Aveda,4,4,100.0
BODUM,4,4,100.0
le coq,4,4,100.0
unionpay,4,4,100.0
moots cycles,4,4,100.0
summit,4,4,100.0
ACN,4,4,100.0
thomson reuters,4,4,100.0
toyota,2,4,50.0
Bergner's,3,4,75.0
EskinoL,4,4,100.0
macanudo,3,4,75.0
Kuota,4,4,100.0
La Flor Dominicana,4,4,100.0
abus,4,4,100.0
wild berry skittles,4,4,100.0
Dacia,4,4,100.0
Andrelon,3,4,75.0
wangs,4,4,100.0
Infusium 23,4,4,100.0
mona lisa-2,1,4,25.0
stomatol,3,4,75.0
Gianfranco Ferre,4,4,100.0
rollei,3,3,100.0
AirNow,3,3,100.0
opel,3,3,100.0
timex,3,3,100.0
Bentley,3,3,100.0
millonario,3,3,100.0
HEC,3,3,100.0
nongfu spring-2,1,3,33.33333333333333
markor furnishings,3,3,100.0
65amps,3,3,100.0
sephora,3,3,100.0
Mavic,3,3,100.0
KTM,3,3,100.0
nioxin,3,3,100.0
murphyusa,3,3,100.0
littmann,3,3,100.0
Bruno Banani,3,3,100.0
ACQUA DI PARMA,2,3,66.66666666666666
Burt's Bees,3,3,100.0
Apple,0,3,0.0
Hav-A-Tampa,0,3,0.0
ka-bar,3,3,100.0
CHOW TAI SENG-1,0,3,0.0
lambretta,2,3,66.66666666666666
seventh generation,3,3,100.0
atamel,2,3,66.66666666666666
pakistan oilfields,3,3,100.0
Biotherm,3,3,100.0
kia da,3,3,100.0
Cirrus,3,3,100.0
AKPET,3,3,100.0
longrich,3,3,100.0
Ground Round,3,3,100.0
Marriott International,3,3,100.0
apollo,3,3,100.0
Bushmaster,3,3,100.0
meifubao,3,3,100.0
asd,3,3,100.0
shenghong,1,3,33.33333333333333
citic,3,3,100.0
navneet,3,3,100.0
hershesons,3,3,100.0
paul garmirian,3,3,100.0
the laundress,3,3,100.0
oovoo,2,3,66.66666666666666
Altus,3,3,100.0
villa zamorano,3,3,100.0
summer classics,1,3,33.33333333333333
Kelme,3,3,100.0
snow peak-2,2,3,66.66666666666666
manjiamei,3,3,100.0
magnatone,3,3,100.0
murco-2,1,3,33.33333333333333
vo5,3,3,100.0
mentadent,3,3,100.0
vegas robaina,3,3,100.0
shiseido,3,3,100.0
Alterna Haircare,3,3,100.0
norton-3,3,3,100.0
BBK,3,3,100.0
HengYuXiang,2,3,66.66666666666666
Hannspree,3,3,100.0
BP,3,3,100.0
Blaupunkt,3,3,100.0
Houlihan's,3,3,100.0
Cenex,3,3,100.0
nakamichi-2,2,3,66.66666666666666
soldano,3,3,100.0
leki,3,3,100.0
Eden Cheese,3,3,100.0
BJ's Restaurant,3,3,100.0
mentadent sr,2,3,66.66666666666666
macro,3,3,100.0
Breakstone's,3,3,100.0
china railway group limited,3,3,100.0
kilner,3,3,100.0
manfrotto,3,3,100.0
Hummel-2,0,3,0.0
pisen,3,3,100.0
sea-doo,3,3,100.0
Alpha Male,2,3,66.66666666666666
grand sport,3,3,100.0
pritt stick,3,3,100.0
La Aroma de Cuba,3,3,100.0
vipshop,3,3,100.0
revol,3,3,100.0
changhong,3,3,100.0
teflon,3,3,100.0
apothia-1,1,3,33.33333333333333
Cafe Coffee Day,0,3,0.0
AUPRES,3,3,100.0
Ericsson,3,3,100.0
sam moore,3,3,100.0
andor technology,2,3,66.66666666666666
tanmujiang,2,3,66.66666666666666
bobcat,3,3,100.0
Garcia Y Vega,3,3,100.0
jurlique,3,3,100.0
Bruster's Ice Cream,1,3,33.33333333333333
ginetta,3,3,100.0
Bapco,2,3,66.66666666666666
Chef Boyardee,3,3,100.0
norton-2,1,3,33.33333333333333
pontiac,3,3,100.0
BEST EXPRESS-2,0,3,0.0
redken,3,3,100.0
tjoy,3,3,100.0
snow peak-1,1,3,33.33333333333333
Herborist,3,3,100.0
Aveeno,3,3,100.0
Bradford Exchange,3,3,100.0
Citroen,3,3,100.0
royalstar,3,3,100.0
Kolynos,3,3,100.0
xinruncheng,3,3,100.0
macron,3,3,100.0
playmobil,3,3,100.0
china post group corporation,3,3,100.0
bottecchia,3,3,100.0
loblaw,3,3,100.0
luxottica,3,3,100.0
tito's,3,3,100.0
haier,3,3,100.0
strida,3,3,100.0
Aqua Guard,3,3,100.0
Benihana,3,3,100.0
sonos,3,3,100.0
HARMAN KARDON,3,3,100.0
wilson,3,3,100.0
lululemon athletica-1,1,3,33.33333333333333
weixing,3,3,100.0
prudenial,3,3,100.0
simple human,3,3,100.0
wetherm,3,3,100.0
pulser,3,3,100.0
Crayola,3,3,100.0
newegg.com,3,3,100.0
me too,3,3,100.0
yutong-2,0,3,0.0
Clarion,2,3,66.66666666666666
Cola Cao,3,3,100.0
3t cycling,3,3,100.0
Hisense,3,3,100.0
grohe,3,3,100.0
BUGATTI,3,3,100.0
akurra,3,3,100.0
Binatone,3,3,100.0
Embraer,3,3,100.0
sk-ii,3,3,100.0
faceshop,3,3,100.0
Admiral Oversea Corporation,3,3,100.0
mona lisa-3,1,3,33.33333333333333
chang'an-3,1,3,33.33333333333333
bic cristal,3,3,100.0
burley design,3,3,100.0
Lotus Cars,3,3,100.0
Fair and Lovely,3,3,100.0
nos (nitrous oxide systems),3,3,100.0
BELOMO,3,3,100.0
nixon watches-2,2,3,66.66666666666666
2XU,3,3,100.0
pianor,3,3,100.0
Alcatel-2,0,3,0.0
Blue Avocado,3,3,100.0
voluspa,3,3,100.0
Heckler & Koch,2,3,66.66666666666666
Avalon Organic Botanicals,3,3,100.0
sennelier,3,3,100.0
meizu,3,3,100.0
maglite,3,3,100.0
ruffles,2,2,100.0
renesas,2,2,100.0
chinon,2,2,100.0
Carnation,1,2,50.0
Cretacolor,2,2,100.0
Hilleberg,2,2,100.0
Lancia,2,2,100.0
walkman,1,2,50.0
ANCAP-1,0,2,0.0
Joe's Crab Shack,1,2,50.0
BridgePort,2,2,100.0
Absolut,2,2,100.0
Admiral,0,2,0.0
t.j. maxx,2,2,100.0
molten,2,2,100.0
sleemon,2,2,100.0
new holland-2,1,2,50.0
moonbasa,0,2,0.0
clarins,2,2,100.0
sf express,1,2,50.0
rosarita,2,2,100.0
vidyo-2,0,2,0.0
fuyou,2,2,100.0
kichesippi-2,1,2,50.0
zatarain's,2,2,100.0
Coccolino,2,2,100.0
ridley,2,2,100.0
lanvin,2,2,100.0
Etro,1,2,50.0
Cacharel,1,2,50.0
Blue Stratos,2,2,100.0
Hoffmann,1,2,50.0
KITCHEN AID,2,2,100.0
BEATS BY DRE,2,2,100.0
hertz,2,2,100.0
chimei,1,2,50.0
Egnater,2,2,100.0
teamviewer,2,2,100.0
Aubrey Organics,2,2,100.0
yuhangren-2,2,2,100.0
nestle wonder ball,2,2,100.0
titleist,2,2,100.0
hubba wheels,2,2,100.0
Beko,2,2,100.0
quiktrip,2,2,100.0
uber-1,0,2,0.0
baird,2,2,100.0
mona lisa-1,1,2,50.0
Braddington Young,2,2,100.0
nongfu spring-1,1,2,50.0
Brooks Saddle,2,2,100.0
lan-choo,2,2,100.0
simply amish,2,2,100.0
binaca,2,2,100.0
CBCI Telecom,2,2,100.0
A. Turrent,2,2,100.0
tombow,2,2,100.0
cervelo,2,2,100.0
jagex,2,2,100.0
maggiano's little italy,2,2,100.0
Kiehl's,2,2,100.0
Ijml,2,2,100.0
taza chocolate,0,2,0.0
Guantanamera,1,2,50.0
thermos,2,2,100.0
mountainsmith,2,2,100.0
Havells,2,2,100.0
saimaza,2,2,100.0
IBM,2,2,100.0
Haglofs,0,2,0.0
unifon,2,2,100.0
lishen,2,2,100.0
neil pryde-2,0,2,0.0
BenQ,2,2,100.0
LLoyd's,2,2,100.0
Guy Laroche,1,2,50.0
Boulevard,2,2,100.0
airmate,2,2,100.0
miele,2,2,100.0
pigeon,2,2,100.0
cenpin,2,2,100.0
jaeger-lecoultre,2,2,100.0
sentra,2,2,100.0
corneliani,1,2,50.0
Erikli,1,2,50.0
pipidog,2,2,100.0
malata-1,1,2,50.0
Fujitsu Siemens,2,2,100.0
Fujinon,2,2,100.0
Magna-1,2,2,100.0
huari appliance,2,2,100.0
Arturo Fuente,2,2,100.0
Blue Riband,1,2,50.0
prandina,2,2,100.0
xellent swiss,2,2,100.0
peavey,2,2,100.0
soultone,2,2,100.0
pakistan state,0,2,0.0
BaDuYoua,2,2,100.0
Faith Hill Parfums,2,2,100.0
primus,2,2,100.0
lantianliubizhi,1,2,50.0
metcash,2,2,100.0
meng jie-1,1,2,50.0
guerciotti,2,2,100.0
norton-1,2,2,100.0
Kravet,2,2,100.0
loreal,2,2,100.0
surly bikes,2,2,100.0
patagonia,2,2,100.0
Ecco,2,2,100.0
spizzico,2,2,100.0
Big Red,2,2,100.0
shiyou,1,2,50.0
impulse,2,2,100.0
7Days Inn,2,2,100.0
BEST EXPRESS-3,0,2,0.0
JX Holdings,2,2,100.0
Carslan,2,2,100.0
Alain Figaret,2,2,100.0
chatime,1,2,50.0
por larranaga,2,2,100.0
theodora,2,2,100.0
anolon,2,2,100.0
Landwind-1,0,2,0.0
"Bravo!, Cucina Italiana",1,2,50.0
Chocolate Toast Crunch,1,2,50.0
Coca-Cola Zero,0,2,0.0
spalding,2,2,100.0
pantene,2,2,100.0
wolky,1,2,50.0
Arette,2,2,100.0
sprinkle spangles,1,2,50.0
Komperdell,1,2,50.0
yuhangren-1,0,2,0.0
Hovis,2,2,100.0
voltas,2,2,100.0
captain stag,2,2,100.0
76,0,2,0.0
Ampeg,2,2,100.0
iPhone-1,1,2,50.0
xgma,2,2,100.0
E-CLOTH,2,2,100.0
toscanello,2,2,100.0
maxxis,2,2,100.0
supligen,2,2,100.0
marlboro,2,2,100.0
Escada,2,2,100.0
Maizena,2,2,100.0
yongli blueleopard,2,2,100.0
termalgin,1,2,50.0
los statos de luxe,1,2,50.0
Cinnzeo,1,2,50.0
yutong-3,2,2,100.0
Franconia,0,2,0.0
lifan-2,0,2,0.0
Blue Point,2,2,100.0
Lane Furniture,2,2,100.0
Head,2,2,100.0
icbc-1,0,2,0.0
attack,2,2,100.0
Ilford,2,2,100.0
pulaski,2,2,100.0
ceravision,2,2,100.0
Lagunitas,1,2,50.0
Amstrad,2,2,100.0
Ciroc,2,2,100.0
Chocomel,2,2,100.0
boardman bikes,2,2,100.0
siragon,2,2,100.0
Compact,2,2,100.0
viewsonic,2,2,100.0
la sportiva,2,2,100.0
Chipotle Mexican Grill-1,1,2,50.0
lightolier,2,2,100.0
ghd,2,2,100.0
windex,2,2,100.0
Funai,1,2,50.0
Hublot,2,2,100.0
Honey Nut Corn Flakes,2,2,100.0
Makro,1,2,50.0
sofy,1,2,50.0
trueconf,2,2,100.0
anglepoise,2,2,100.0
Chiquita,2,2,100.0
Kookai,2,2,100.0
Biosilk,2,2,100.0
Bootights,2,2,100.0
Era Alaska,0,2,0.0
oakley-1,2,2,100.0
lysoform,2,2,100.0
univox,2,2,100.0
ski-doo,2,2,100.0
pakistan state oil,2,2,100.0
BEST EXPRESS-1,0,2,0.0
new holland-1,1,2,50.0
mak lubricants,2,2,100.0
Barkerville,2,2,100.0
la corona,2,2,100.0
American Crew,2,2,100.0
Karbonn,2,2,100.0
zhoujunji,2,2,100.0
lakme,2,2,100.0
good grips,2,2,100.0
Haceb,2,2,100.0
haro bikes,2,2,100.0
yx energi,2,2,100.0
atlas air,2,2,100.0
zanussi,2,2,100.0
molson exel,2,2,100.0
santa cruz bikes,2,2,100.0
mobil,2,2,100.0
superman stars,1,2,50.0
buscapina,2,2,100.0
Callaway,2,2,100.0
huida,2,2,100.0
BlackBerry,2,2,100.0
BELKIN-2,0,2,0.0
Arri,2,2,100.0
nixon watches-1,0,2,0.0
supor,2,2,100.0
basilisk,2,2,100.0
Kalodont,2,2,100.0
xunxing,2,2,100.0
rowbike,1,2,50.0
Black Angus Steakhouse,2,2,100.0
spira,2,2,100.0
simmtronics,2,2,100.0
Guigoz,2,2,100.0
rockshox,2,2,100.0
Bilisten,2,2,100.0
lupicia,2,2,100.0
Frosty Jack Cider,2,2,100.0
penhaligon's,2,2,100.0
skyworth,2,2,100.0
Brothers Cider,0,2,0.0
weyerbacher,2,2,100.0
hutchinson tires,2,2,100.0
Bols,2,2,100.0
puros indios,2,2,100.0
marin bikes,2,2,100.0
legea-1,0,2,0.0
AKOO,2,2,100.0
gendron bicycles,2,2,100.0
stelton,2,2,100.0
vapiano,2,2,100.0
Coco Pops,0,2,0.0
womai.com,2,2,100.0
phillips cycles,2,2,100.0
westinghouse,2,2,100.0
Auri,2,2,100.0
vigo,1,1,100.0
rocky,1,1,100.0
quesada,0,1,0.0
zendium,1,1,100.0
patek philippe,1,1,100.0
Kola Shaler,0,1,0.0
FruChocs,1,1,100.0
ideagro,1,1,100.0
Faconnable,1,1,100.0
southbeauty-3,0,1,0.0
quick,1,1,100.0
quickchek,0,1,0.0
Bellywashers,1,1,100.0
toscanini's,0,1,0.0
Hanseatic,0,1,0.0
Itautec,1,1,100.0
haagen-dazs,1,1,100.0
paul mitchell,1,1,100.0
Bulls-Eye Barbecue,1,1,100.0
ruby tuesday,1,1,100.0
cheese flavoured moments,1,1,100.0
Ameristar Air Cargo,1,1,100.0
nutren,1,1,100.0
yong master,1,1,100.0
muchachomalo,0,1,0.0
mountain hardwear,1,1,100.0
Baihe,1,1,100.0
lightlife,1,1,100.0
viper,1,1,100.0
wolf brand chili,0,1,0.0
Canada Dry,1,1,100.0
conlia,0,1,0.0
saab,1,1,100.0
bhpetrol,1,1,100.0
rediffusion,1,1,100.0
rinso,1,1,100.0
wudeli,0,1,0.0
Kung Fu Panda Crunchers,0,1,0.0
real ale,0,1,0.0
Adriatica,1,1,100.0
shure,1,1,100.0
tnt,1,1,100.0
jamis bicycles,0,1,0.0
Ciao Bella Gelato Company,1,1,100.0
Kieninger,1,1,100.0
H. P. Bulmer-2,0,1,0.0
Ashridge Cider,1,1,100.0
roadmaster,1,1,100.0
anschutz,1,1,100.0
bigtime,1,1,100.0
liu gong,1,1,100.0
tum yeto,0,1,0.0
Boston Store,0,1,0.0
continental edison,1,1,100.0
Colman's,0,1,0.0
isaura,1,1,100.0
maggi noodles,0,1,0.0
Costa Coffee,0,1,0.0
musco,1,1,100.0
L'ARTISAN PARFUMEUR,1,1,100.0
ristretto,0,1,0.0
rare,1,1,100.0
nongfu spring-3,0,1,0.0
Caswell Massey,1,1,100.0
Ice Harbor,0,1,0.0
Bicerin,1,1,100.0
vertu,1,1,100.0
ptt,1,1,100.0
Chocapic,0,1,0.0
Galaxy Counters,1,1,100.0
ramon allones,1,1,100.0
KAISHENG,1,1,100.0
stage stores inc,0,1,0.0
lowe alpine,1,1,100.0
Hardee's,0,1,0.0
maui jim,0,1,0.0
Cocksox,1,1,100.0
Marmite,1,1,100.0
rickard's white,1,1,100.0
Knomo,1,1,100.0
Marsh Wheeling,1,1,100.0
the original muck boot company,0,1,0.0
Bacon soda,1,1,100.0
Everex,1,1,100.0
qq,1,1,100.0
rfeng,1,1,100.0
Gevalia,1,1,100.0
Choice Hotels,1,1,100.0
merida bikes,1,1,100.0
paris hilton,1,1,100.0
Hypson,0,1,0.0
chinese petroleum,1,1,100.0
La Palina,1,1,100.0
mother's pride,0,1,0.0
independent fabrication,0,1,0.0
apica,1,1,100.0
tassimo,0,1,0.0
Blaser,1,1,100.0
wolford,1,1,100.0
kingdee,1,1,100.0
Charmin,1,1,100.0
woolworths (south africa),1,1,100.0
Hitachi,0,1,0.0
yorkshire tea,0,1,0.0
Freegun,1,1,100.0
AOKANG,1,1,100.0
atari 2600-1,0,1,0.0
Bennigan's,1,1,100.0
Cini Minis,1,1,100.0
Carling Black Label,0,1,0.0
Massmart,1,1,100.0
sii,1,1,100.0
prs guitars,1,1,100.0
HY Markets,0,1,0.0
Bridgestone,1,1,100.0
Autovox,1,1,100.0
Kukri,1,1,100.0
Gillette,1,1,100.0
Mad River,1,1,100.0
Island Fantasy,0,1,0.0
mossberg,1,1,100.0
Carolina-1,0,1,0.0
Cinnamon Toast Crunch,1,1,100.0
xdf.cn,1,1,100.0
Konka,1,1,100.0
ANCAP-2,0,1,0.0
Lucozade,1,1,100.0
raisinets,0,1,0.0
Classmate,1,1,100.0
sperry top-sider,0,1,0.0
El Jimador,1,1,100.0
Cartenz,1,1,100.0
Gigabyte,1,1,100.0
gree-3,0,1,0.0
Casa Noble,1,1,100.0
tecnica,1,1,100.0
teva,1,1,100.0
jetbeam,1,1,100.0
biotene,0,1,0.0
ANNICK GOUTAL,0,1,0.0
Kiton,1,1,100.0
thomapyrin,1,1,100.0
canadel,1,1,100.0
wahl,1,1,100.0
nemiroff,1,1,100.0
Carpathia,0,1,0.0
southbeauty-2,0,1,0.0
Fudgee-O,1,1,100.0
Angry Orchard,1,1,100.0
Mahindra-1,0,1,0.0
Edeka,1,1,100.0
sachs,1,1,100.0
biostime-2,0,1,0.0
Maple,1,1,100.0
Carl's Jr,1,1,100.0
Aqua Flow,0,1,0.0
Chipotle Mexican Grill-2,0,1,0.0
Hammary,0,1,0.0
Air Choice One Airlines,1,1,100.0
Hilton Worldwide-3,0,1,0.0
xiangeqing,1,1,100.0
Calistoga,0,1,0.0
rocky patel,1,1,100.0
HMV,1,1,100.0
mitsuoka-2,0,1,0.0
lyle,1,1,100.0
revlon,1,1,100.0
socar-1,0,1,0.0
bike friday,1,1,100.0
Emilio,0,1,0.0
von maur,1,1,100.0
Ibis,1,1,100.0
muzak-2,1,1,100.0
winiary,1,1,100.0
Karl Kani-2,0,1,0.0
sugar wafers,1,1,100.0
Emilio Pucci,0,1,0.0
anerle,1,1,100.0
quality street,0,1,0.0
phillips petroleum,1,1,100.0
BeiJiRong,0,1,0.0
babool,1,1,100.0
steve's ice cream,0,1,0.0
Ecopetrol,1,1,100.0
tubao-2,1,1,100.0
vivobarefoot-1,0,1,0.0
marimekko,0,1,0.0
Beaulieu,1,1,100.0
Blimpie,1,1,100.0
Los Angeles,1,1,100.0
Bazooka,1,1,100.0
murco-1,1,1,100.0
Ben Franklin Stores,1,1,100.0
Aquascutum,0,1,0.0
Hulk,1,1,100.0
Electrohome,1,1,100.0
timbuk2-2,1,1,100.0
calpak,1,1,100.0
hengshui laobaigan,1,1,100.0
Chloe,1,1,100.0
Harpoon,1,1,100.0
q8,0,1,0.0
Armani,1,1,100.0
pisco porton,1,1,100.0
lite source,1,1,100.0
michel's patisserie,0,1,0.0
saracen cycles,1,1,100.0
Angenieux,1,1,100.0
zara,1,1,100.0
vertex standard,1,1,100.0
MaggieMoo's Ice Cream and Treatery,0,1,0.0
silicon power,1,1,100.0
lonsdale,1,1,100.0
Hard Rock Cafe,1,1,100.0
Bostonian,1,1,100.0
chantelle,1,1,100.0
Bisquick,1,1,100.0
glorix,1,1,100.0
ralph lauren home,1,1,100.0
xero,1,1,100.0
Bron Elektronik,1,1,100.0
Barex-1,1,1,100.0
Colt,1,1,100.0
pentax,1,1,100.0
mohawk-2,1,1,100.0
Berghaus,1,1,100.0
swix,0,1,0.0
Alcatel-1,1,1,100.0
Carrefour,1,1,100.0
Hua Yi Elec Apparatus Group,1,1,100.0
L'Occitane en Provence,1,1,100.0
Afriquia,1,1,100.0
Black Jack,1,1,100.0
speedball,1,1,100.0
roewe,1,1,100.0
mountain mike's pizza,0,1,0.0
tungsram,1,1,100.0
happigo,1,1,100.0
Coffee Crisp,1,1,100.0
micro machines,1,1,100.0
Johnson Outdoors,1,1,100.0
terpel,1,1,100.0
Fabricut,1,1,100.0
Bewley's,1,1,100.0
Amy's Ice Creams,0,1,0.0
charles owo,1,1,100.0
puffa puffa rice,1,1,100.0
vaneli,1,1,100.0
seiko,1,1,100.0
Fundacion Ancestral,0,1,0.0
Frosty O's,0,1,0.0
Bill Blass,0,1,0.0
Arecont Vision,1,1,100.0
gree-1,0,1,0.0
Belk,1,1,100.0
thomasville,1,1,100.0
luminox,1,1,100.0
louis vuitton-1,1,1,100.0
new holland-3,1,1,100.0
3nod,1,1,100.0
true coffee,0,1,0.0
Loacker,1,1,100.0
mossimo,1,1,100.0
Grundies,0,1,0.0
oberweis dairy-2,0,1,0.0
villiger,1,1,100.0
Freddy's Frozen Custard & Steakburgers,1,1,100.0
Alfani,1,1,100.0
la escepicon,0,1,0.0
Carte Noire,0,1,0.0
Balenciaga,1,1,100.0
Audison,1,1,100.0
sergio valente,1,1,100.0
Heinz Tomato Ketchup,0,1,0.0
prada,1,1,100.0
Fruit Brute,1,1,100.0
ANTA,1,1,100.0
bukta,1,1,100.0
saxx,1,1,100.0
Las Cabrillas,1,1,100.0
Canterbury,0,1,0.0
raisin bran crunch,0,1,0.0
MediaTek,0,1,0.0
miquelrius-2,0,1,0.0
gigo,1,1,100.0
greubel forsey,0,1,0.0
opinel,1,1,100.0
meiling,1,1,100.0
oh henry,1,1,100.0
Calvin Klein Underwear,1,1,100.0
phicomm,0,1,0.0
La Gloria Cubana,1,1,100.0
rudsak,1,1,100.0
Anna Sui,1,1,100.0
Aussie,1,1,100.0
Four Star Pizza,0,1,0.0
batavus,1,1,100.0
merrydown,1,1,100.0
perry ellis,0,1,0.0
CHIVAS,1,1,100.0
tony roma's,1,1,100.0
weebles,1,1,100.0
AP Industries,1,1,100.0
Elder-Beerman,1,1,100.0
Beeline,1,1,100.0
ram,1,1,100.0
petron,1,1,100.0
J Fuego,1,1,100.0
Behringer,0,1,0.0
seafolly,1,1,100.0
sophie paris,1,1,100.0
Galvin Green,1,1,100.0
lunazul,1,1,100.0
c-3po's,0,1,0.0
Colgate,1,1,100.0
peace bird,1,1,100.0
webster's dictionary,1,1,100.0
Daewoo Electronics,0,1,0.0
Bridgehead Coffee,1,1,100.0
Iiyama,1,1,100.0
safilo,1,1,100.0
Caffe Ritazza,0,1,0.0
Arthur Treacher's Fish & Chips,0,1,0.0
luvs,1,1,100.0
I Can't Believe It's Not Butter,1,1,100.0
chang'an-2,0,1,0.0
Hershey's Cookies 'n' Creme,0,1,0.0
royal talens,1,1,100.0
Cailler,1,1,100.0
Manhattan Portage,0,1,0.0
pirma,0,1,0.0
Clear,1,1,100.0
CHRISTOFLE,1,1,100.0
Cap'n Crunch Crunch Berries,0,1,0.0
ActiPlus,1,1,100.0
matamp,1,1,100.0
viennois,0,1,0.0
mephisto,1,1,100.0
Hugo Boss,1,1,100.0
planta,1,1,100.0
sweetened wheat-fuls,1,1,100.0
vision street wear,1,1,100.0
Mazda,1,1,100.0
KANS,1,1,100.0
Ilford Photo,0,1,0.0
Birkenstock,1,1,100.0
skora,0,1,0.0
EatZi's,1,1,100.0
Ifb,0,1,0.0
frederique constant,1,1,100.0
Eat'n Park,1,1,100.0
tignanello,1,1,100.0
six deuce,1,1,100.0
riese und muller,1,1,100.0
amish,1,1,100.0
millet-2,1,1,100.0
Hedex,1,1,100.0
Capri Sun,1,1,100.0
Homme by David,1,1,100.0
softspots,1,1,100.0
Gitzo,1,1,100.0
Maserati,1,1,100.0
Breath Savers,1,1,100.0
mactarnahan's,1,1,100.0
Atletica,0,1,0.0
jinbei,1,1,100.0
Maggi,0,1,0.0
HTC,1,1,100.0
ANLI,1,1,100.0
Allrounder,1,1,100.0
Kenzo,1,1,100.0
taobao.com,0,1,0.0
ART Furniture,1,1,100.0
kasumi,1,1,100.0
knudsen,1,1,100.0
Heinkel,1,1,100.0
Honey Nut Toasty O's,0,1,0.0
smirnoff,1,1,100.0
Che,0,1,0.0
Amkette,1,1,100.0
seven fathoms,0,1,0.0
kichesippi-1,0,1,0.0
cheezels,1,1,100.0
liwayway,0,1,0.0
Botany,1,1,100.0
Gulf Oil,1,1,100.0
wenger,1,1,100.0
LongHorn Steakhouse,0,1,0.0
xierdun,1,1,100.0
runts,0,1,0.0
Ermenegildo Zegna,1,1,100.0
Cream of Wheat,0,1,0.0
the coffee bean & tea leaf,0,1,0.0
tiangxiaxiu,1,1,100.0
robin's donuts,1,1,100.0
vidyo-1,1,1,100.0
junghans,1,1,100.0
Caribou Coffee,0,1,0.0
sanquan,0,1,0.0
rice honeys nabisco,0,1,0.0
universiti teknologi petronas,1,1,100.0
charlotte olympia,1,1,100.0
John Galliano,1,1,100.0
Joico,1,1,100.0
Herbal Essences,1,1,100.0
sdlg,0,1,0.0
Bronica,1,1,100.0
sanyo,1,1,100.0
alessi,1,1,100.0
mohawk-1,0,1,0.0
meituan,1,1,100.0
Bravo,1,1,100.0
ommegang,0,1,0.0
Mahindra-2,1,1,100.0
petronor,0,1,0.0
Andrew Marc,1,1,100.0
Highland Spring,1,1,100.0
speedway llc,1,1,100.0
Lanka,0,1,0.0
Cimc-2,0,1,0.0
van houtte,0,1,0.0
square one organic,1,1,100.0
jimin,0,1,0.0
ARCHIPELAGO,0,1,0.0
r-line,1,1,100.0
Caffe Trieste,0,1,0.0
legea-2,1,1,100.0
Addicted,1,1,100.0
Jonathan Charles,1,1,100.0
huayang,0,1,0.0
Lamborghini,1,1,100.0
Ermanno Scervino,1,1,100.0
mathmos,1,1,100.0
posiflex,1,1,100.0
uber-3,1,1,100.0
valiojaatelo,0,1,0.0
xiaomi,1,1,100.0
Guess,1,1,100.0
louis vuitton-2,0,1,0.0
Marshalls,1,1,100.0
42 Below,1,1,100.0
Canson,1,1,100.0
aspirin,1,1,100.0
regina,1,1,100.0
testor's,0,1,0.0
vaseline,1,1,100.0
alcan,1,1,100.0
parkay,1,1,100.0
King Edward the Seventh,1,1,100.0
seiyu,1,1,100.0
Illinois,1,1,100.0
swiss miss,1,1,100.0
BWOC,1,1,100.0
michelin,1,1,100.0
russian river,1,1,100.0
ac propulsion,1,1,100.0
kaixinwang,1,1,100.0
glashutte original,1,1,100.0
Ammonite,1,1,100.0
Beneful,1,1,100.0
iPod,1,1,100.0
GUZZINI,1,1,100.0
supertest petroleum,1,1,100.0
AND1,1,1,100.0
therapedic,1,1,100.0
chando,1,1,100.0
Etnies,1,1,100.0
CARL ZEISS,1,1,100.0
Crispin Cider,1,1,100.0
slazenger,1,1,100.0
KATE SPADE-1,0,1,0.0
BMW,1,1,100.0
lanidor,0,1,0.0
Arcam,1,1,100.0
gumpert,1,1,100.0
lego mindstorms,1,1,100.0
sexy hair,1,1,100.0
lululemon athletica-2,1,1,100.0
Bharat Petroleum,1,1,100.0
standard fireworks,1,1,100.0
IHOP,1,1,100.0
santa cruz,1,1,100.0
taihao,1,1,100.0
Cocosette,1,1,100.0
Honey Smacks,0,1,0.0
m&g,1,1,100.0
guolv,1,1,100.0
mmmuffins,0,1,0.0
ballograf,1,1,100.0
Chick-fil-A,0,1,0.0
icbc-3,1,1,100.0
ursus,1,1,100.0
perdolan,1,1,100.0
Keglevich,1,1,100.0
skyline chili,1,1,100.0
taser-1,0,1,0.0
coca cola,1,1,100.0
uber-2,0,1,0.0
Hunor,1,1,100.0
kimani,1,1,100.0
7-PE,0,1,0.0
pacon,1,1,100.0
Bonds,0,1,0.0
Ashland Inc,1,1,100.0
A. Marinelli,1,1,100.0
Harvest Moon,0,1,0.0
sparco,1,1,100.0
brompton bicycle,1,1,100.0
noxzema,1,1,100.0
sun 'n' sand,1,1,100.0
stacy adams-1,0,1,0.0
lion cereal,1,1,100.0
tommy bahama,1,1,100.0
thatchers,1,1,100.0
berol,1,1,100.0
chilewich,0,1,0.0
Brugal,1,1,100.0
wufangzhai,1,1,100.0
jowissa,1,1,100.0
chaps,1,1,100.0
ono,1,1,100.0
sonitron,1,1,100.0
qmobile,0,1,0.0
icbc-2,0,1,0.0
unisys,1,1,100.0
lonkey,1,1,100.0
southworth,1,1,100.0
Bubbaloo,1,1,100.0
he-man,0,1,0.0
ALFAPARF,1,1,100.0
Celkon,1,1,100.0
Excel,1,1,100.0
pf flyers,1,1,100.0
peptamen,1,1,100.0
sandford orchards,1,1,100.0
rawlings,1,1,100.0
uzero,1,1,100.0
ricoffy,1,1,100.0
Krusty-O's,1,1,100.0
shell v-power,1,1,100.0
labtec,1,1,100.0
Breyers,0,1,0.0
pilot parallel,0,1,0.0
Azura,1,1,100.0
Aoki's Pizza,0,1,0.0
rimac,0,1,0.0
alpinestars-1,0,1,0.0
BELKIN-1,1,1,100.0
Golite,1,1,100.0
refinor,1,1,100.0
little green men,0,1,0.0
Bakers Square,0,1,0.0
Humber-2,1,1,100.0
Hexacta,1,1,100.0
bisque,1,1,100.0
Amoi,1,1,100.0
strawberry rice krispies,0,1,0.0
yaesu,1,1,100.0
Edison,1,1,100.0
Bella Vita,0,1,0.0
Breguet,1,1,100.0
whataburger-1,0,1,0.0
Beretta,1,1,100.0
scalextric,1,1,100.0
Agacio,0,1,0.0
Cannondale,1,1,100.0
rft,1,1,100.0
Graeter's,1,1,100.0
chicken in a biskit,1,1,100.0
Blancpain,1,1,100.0
CHIVAS REGAL,0,1,0.0
Consort,1,1,100.0
lafuma,1,1,100.0
the capital grille,0,1,0.0
French Toast Crunch,0,1,0.0
Biotex,1,1,100.0
youngor-2,0,1,0.0
Amerijet International,1,1,100.0
Ben Davis,1,1,100.0
Hilton Worldwide-2,0,1,0.0
bianchi,1,1,100.0
tart n tinys,1,1,100.0
ASUS,1,1,100.0
KaZhuMi,1,1,100.0
nestle,1,1,100.0
Herberger's,1,1,100.0
vaude-2,0,1,0.0
Esselte,1,1,100.0
razzle dazzle rice krispies,0,1,0.0
robert allen,1,1,100.0
naturalizer-1,0,1,0.0
ADOX,1,1,100.0
transitions,1,1,100.0
Cheader's,1,1,100.0
oatmeal crisp,0,1,0.0
melatonin,1,1,100.0
osm,1,1,100.0
viru valge,1,1,100.0
Bojangles' Famous Chicken 'n Biscuits,0,1,0.0
powerdekor,1,1,100.0
Berry Krispies,0,1,0.0
Frische Brise,1,1,100.0
Corn Pops,1,1,100.0
Lux,1,1,100.0
new zealand natural-2,1,1,100.0
BOH Plantations,1,1,100.0
contrex,1,1,100.0
pei wei asian diner,0,1,0.0
Canada Goose,0,1,0.0
la miu,1,1,100.0
Bob Evans Restaurants,1,1,100.0
Acne Studios,0,1,0.0
lesportsac,1,1,100.0
nerf,1,1,100.0
softto,1,1,100.0
bolwell,1,1,100.0
LAVAZZA,1,1,100.0
Imperial Margarine,1,1,100.0
cheddar's casual cafe,0,1,0.0
nallin,1,1,100.0
Elsa,1,1,100.0
Au Bon Pain,1,1,100.0
Havana Club,1,1,100.0
rubio's fresh mexican grill,1,1,100.0
new balance-1,0,1,0.0
miquelrius-1,0,1,0.0
IQinVision,0,1,0.0
onida,1,1,100.0
widmer brothers,1,1,100.0
Big League,0,1,0.0
Bloomingdale's,1,1,100.0
Chery,1,1,100.0
Aritzia,1,1,100.0
Allen Edmonds,0,1,0.0
Adobe Systems,0,1,0.0
sixpoint,0,1,0.0
bealls,1,1,100.0
Hunt's,1,1,100.0
Husqvarna-2,0,1,0.0
canbo,1,1,100.0
meng jie-2,0,1,0.0
otz shoes,1,1,100.0
East of Chicago Pizza,1,1,100.0
kronan,0,1,0.0
Highlands Coffee,1,1,100.0
red lobster,0,1,0.0
Cabo Wabo,0,1,0.0
national coney island,1,1,100.0
Heineken,1,1,100.0
oris,1,1,100.0
shopko,1,1,100.0
iBall,1,1,100.0
GPM,1,1,100.0
Kalco,1,1,100.0
pop secret,0,1,0.0
pentel,1,1,100.0
coles,1,1,100.0
Barneys New York,1,1,100.0
BEELY,1,1,100.0
Heinz Baked Beans,0,1,0.0
Cesars,1,1,100.0
Cold Stone Creamery,1,1,100.0
gocycle,1,1,100.0
brace yourself,0,1,0.0
ching's secret,1,1,100.0
1519 Tequila,1,1,100.0
Hyundai-2,0,1,0.0
mamonde,1,1,100.0
Connaught,1,1,100.0
